{"text": " So the traffic link and assistable work in the sense that the traffic link at some point kind of acts as an agency or maybe we are a white label of aficionados and we were using the technology behind assistable to give us what I call Travis AI, which is basically if I connected a phone number to Daquan and then Daquan answered all my questions. In fact, I think at one point in time, I'm going to try to replace assistable with you, Daquan. We got here. The reason why I'm not at NASDAQ anymore is because they fired me. I couldn't keep up with the demand of the team that I was on and they let me go. They laid me off, said I wasn't keeping up and as a result, they had to make a decision.", "segments": [{"id": 0, "seek": 0, "start": 0.0, "end": 23.62, "text": " So the traffic link and assistable work in the sense that the traffic link at some point kind of acts as an agency or maybe we are a white label of aficionados and we were using the technology behind assistable to give us what I call Travis AI,", "tokens": [50365, 407, 264, 6419, 2113, 293, 4255, 712, 589, 294, 264, 2020, 300, 264, 6419, 2113, 412, 512, 935, 733, 295, 10672, 382, 364, 7934, 420, 1310, 321, 366, 257, 2418, 7645, 295, 257, 1786, 313, 4181, 293, 321, 645, 1228, 264, 2899, 2261, 4255, 712, 281, 976, 505, 437, 286, 818, 24430, 7318, 11, 51546], "temperature": 0.0, "avg_logprob": -0.1627347551543137, "compression_ratio": 1.564102564102564, "no_speech_prob": 1.84452670151658e-12}, {"id": 1, "seek": 2362, "start": 23.62, "end": 31.28, "text": " which is basically if I connected a phone number to Daquan and then Daquan answered all my questions.", "tokens": [50365, 597, 307, 1936, 498, 286, 4582, 257, 2593, 1230, 281, 3933, 358, 282, 293, 550, 3933, 358, 282, 10103, 439, 452, 1651, 13, 50748], "temperature": 0.0, "avg_logprob": -0.1517180555007037, "compression_ratio": 1.510548523206751, "no_speech_prob": 8.082847542320581e-13}, {"id": 2, "seek": 2362, "start": 31.400000000000002, "end": 39.06, "text": " In fact, I think at one point in time, I'm going to try to replace assistable with you, Daquan.", "tokens": [50754, 682, 1186, 11, 286, 519, 412, 472, 935, 294, 565, 11, 286, 478, 516, 281, 853, 281, 7406, 4255, 712, 365, 291, 11, 3933, 358, 282, 13, 51137], "temperature": 0.0, "avg_logprob": -0.1517180555007037, "compression_ratio": 1.510548523206751, "no_speech_prob": 8.082847542320581e-13}, {"id": 3, "seek": 2362, "start": 41.260000000000005, "end": 47.2, "text": " We got here. The reason why I'm not at NASDAQ anymore is because they fired me.", "tokens": [51247, 492, 658, 510, 13, 440, 1778, 983, 286, 478, 406, 412, 10182, 7509, 48, 3602, 307, 570, 436, 11777, 385, 13, 51544], "temperature": 0.0, "avg_logprob": -0.1517180555007037, "compression_ratio": 1.510548523206751, "no_speech_prob": 8.082847542320581e-13}, {"id": 4, "seek": 2362, "start": 47.34, "end": 52.22, "text": " I couldn't keep up with the demand of the team that I was on and they let me go.", "tokens": [51551, 286, 2809, 380, 1066, 493, 365, 264, 4733, 295, 264, 1469, 300, 286, 390, 322, 293, 436, 718, 385, 352, 13, 51795], "temperature": 0.0, "avg_logprob": -0.1517180555007037, "compression_ratio": 1.510548523206751, "no_speech_prob": 8.082847542320581e-13}, {"id": 5, "seek": 5222, "start": 52.22, "end": 59.62, "text": " They laid me off, said I wasn't keeping up and as a result, they had to make a decision.", "tokens": [50365, 814, 9897, 385, 766, 11, 848, 286, 2067, 380, 5145, 493, 293, 382, 257, 1874, 11, 436, 632, 281, 652, 257, 3537, 13, 50735], "temperature": 0.0, "avg_logprob": -0.12507982437427229, "compression_ratio": 1.0476190476190477, "no_speech_prob": 1.3827708509467351e-12}], "language": "en"}